first_nm,middle_nm,last_nm,gender_cd,home_phone_nbr,email_addr_1,city_nm,state_nm,country_cd,postal_cd,age,Profile_id
Hamlin,6,Easlea,Male,972-762-8968,heaslea0@free.fr,Dallas,Texas,US,75221,3,1
Ashley,0,Tournay,Male,562-638-1966,atournay1@who.int,Los Angeles,California,US,90010,27,2
Derward,5,Goutcher,Male,734-709-6274,dgoutcher2@apache.org,Detroit,Michigan,US,48206,36,3
Ainslie,0,Chadband,Female,901-485-9397,achadband3@hugedomains.com,Memphis,Tennessee,US,38161,16,4
Farlee,7,Duke,Male,772-749-5068,fduke4@google.nl,Port Saint Lucie,Florida,US,34985,11,5
Mavis,4,Philipson,Female,602-731-0990,mphilipson5@nyu.edu,Phoenix,Arizona,US,85005,32,6
Allin,1,Hackinge,Male,910-394-1357,ahackinge6@skyrock.com,Wilmington,North Carolina,US,28405,25,7
Elnore,9,Say,Female,816-524-1846,esay7@adobe.com,Kansas City,Missouri,US,64149,49,8
Bertrand,5,Puttergill,Male,225-993-7552,bputtergill8@youtu.be,Baton Rouge,Louisiana,US,70815,43,9
Tobie,2,Antonomolii,Male,208-846-3723,tantonomolii9@about.com,Pocatello,Idaho,US,83206,27,10
Shawnee,9,Tallow,Female,423-559-6706,stallowa@de.vu,Kingsport,Tennessee,US,37665,15,11
Benjie,4,Dymoke,Male,513-116-8792,bdymokeb@vistaprint.com,Cincinnati,Ohio,US,45296,20,12
Torrie,1,Liston,Female,206-696-5891,tlistonc@ifeng.com,Seattle,Washington,US,98133,49,13
Jarvis,5,Everit,Male,937-958-2424,jeveritd@google.fr,Dayton,Ohio,US,45454,36,14
Cary,2,Degnen,Female,937-757-1719,cdegnene@umn.edu,Dayton,Ohio,US,45432,9,15
Yankee,0,Dosedale,Male,830-219-4426,ydosedalef@nsw.gov.au,San Antonio,Texas,US,78255,50,16
Kaja,3,Ruoff,Female,816-891-1881,kruoffg@mysql.com,Kansas City,Missouri,US,64199,37,17
Gael,1,Rizzetti,Female,850-972-6668,grizzettih@livejournal.com,Pensacola,Florida,US,32505,19,18
Devonne,2,Alderwick,Female,914-536-0452,dalderwicki@so-net.ne.jp,White Plains,New York,US,10633,2,19
Brittney,0,Able,Female,937-672-2893,bablej@barnesandnoble.com,Dayton,Ohio,US,45414,18,20
Debor,1,Panswick,Female,407-685-3175,dpanswickk@paypal.com,Orlando,Florida,US,32813,16,21
Garreth,3,Camerati,Male,979-108-8513,gcameratil@army.mil,Bryan,Texas,US,77806,12,22
Lindsey,0,Reboul,Female,757-524-5185,lreboulm@prnewswire.com,Herndon,Virginia,US,22070,2,23
Kikelia,1,Zanitti,Female,561-961-6949,kzanittin@fotki.com,West Palm Beach,Florida,US,33421,47,24
Randall,8,Sendley,Male,502-790-3614,rsendleyo@nhs.uk,Louisville,Kentucky,US,40298,34,25
Ingamar,3,Perkins,Male,212-110-4136,iperkinsp@intel.com,New York City,New York,US,10150,3,26
Allina,4,Grammer,Female,330-274-6638,agrammerq@utexas.edu,Canton,Ohio,US,44710,50,27
Malinde,9,O'Scollee,Female,205-878-5193,moscolleer@tinypic.com,Birmingham,Alabama,US,35295,39,28
Samson,9,Logsdail,Male,571-993-9184,slogsdails@google.it,Ashburn,Virginia,US,22093,17,29
Kipp,1,Gladman,Female,202-255-5857,kgladmant@ovh.net,Washington,District of Columbia,US,20099,29,30
Mano,0,Trevenu,Male,212-283-0504,mtrevenuu@live.com,New York City,New York,US,10292,2,31
Demetri,7,Bridewell,Male,336-443-0094,dbridewellv@freewebs.com,Greensboro,North Carolina,US,27404,36,32
Donalt,6,McMakin,Male,254-494-9265,dmcmakinw@addtoany.com,Temple,Texas,US,76505,7,33
Jacklin,7,Peasee,Female,626-491-6362,jpeaseex@ftc.gov,Pasadena,California,US,91117,20,34
Leah,0,Durham,Female,540-977-1098,ldurhamy@vkontakte.ru,Roanoke,Virginia,US,24020,36,35
Delila,5,Bedlington,Female,314-126-6424,dbedlingtonz@google.it,Saint Louis,Missouri,US,63196,30,36
Veriee,9,Lagden,Female,336-473-5278,vlagden10@unblog.fr,Winston Salem,North Carolina,US,27116,45,37
Barbara-anne,1,Hammatt,Female,718-887-2861,bhammatt11@phoca.cz,Staten Island,New York,US,10305,13,38
Pavia,8,de Pinna,Female,361-200-8639,pdepinna12@comsenz.com,Corpus Christi,Texas,US,78410,3,39
Homerus,6,Oleszkiewicz,Male,410-615-6598,holeszkiewicz13@techcrunch.com,Baltimore,Maryland,US,21216,4,40
Culley,5,Ervine,Male,336-649-4333,cervine14@stanford.edu,Greensboro,North Carolina,US,27404,14,41
Fredric,1,Pedrocco,Male,574-779-4779,fpedrocco15@utexas.edu,South Bend,Indiana,US,46614,8,42
Burl,6,Davidof,Male,434-958-0603,bdavidof16@51.la,Lynchburg,Virginia,US,24515,7,43
Darcee,5,Lambell,Female,606-996-1569,dlambell17@mail.ru,London,Kentucky,US,40745,7,44
Giff,2,Greest,Male,757-390-3602,ggreest18@google.pl,Virginia Beach,Virginia,US,23471,46,45
Cami,7,Blaney,Female,702-568-8585,cblaney19@webeden.co.uk,Las Vegas,Nevada,US,89105,3,46
Roseanna,7,Neljes,Female,217-376-9437,rneljes1a@blinklist.com,Springfield,Illinois,US,62756,38,47
Hersh,9,Dunderdale,Male,703-992-0218,hdunderdale1b@loc.gov,Washington,District of Columbia,US,20041,31,48
Karry,3,McOmish,Female,562-968-0924,kmcomish1c@odnoklassniki.ru,Long Beach,California,US,90847,24,49
Chryste,2,Farrin,Female,717-606-0895,cfarrin1d@mapy.cz,York,Pennsylvania,US,17405,15,50
Dalt,8,Cowley,Male,205-152-4609,dcowley1e@barnesandnoble.com,Birmingham,Alabama,US,35263,28,51
Chaddy,2,Shovelin,Male,917-370-2970,cshovelin1f@bizjournals.com,New York City,New York,US,10165,44,52
Lorene,5,Clowes,Female,720-224-3821,lclowes1g@pagesperso-orange.fr,Littleton,Colorado,US,80126,29,53
Germayne,9,Vose,Male,239-185-7229,gvose1h@alibaba.com,Naples,Florida,US,34114,7,54
Averyl,6,Margerrison,Female,413-798-0798,amargerrison1i@japanpost.jp,Springfield,Massachusetts,US,01114,40,55
Bay,7,Mc Coughan,Male,850-102-3240,bmccoughan1j@irs.gov,Tallahassee,Florida,US,32304,8,56
Emmott,8,Kasman,Male,856-782-7281,ekasman1k@npr.org,Camden,New Jersey,US,08104,43,57
Nancie,3,Smallpeice,Female,209-753-1813,nsmallpeice1l@nydailynews.com,Stockton,California,US,95205,43,58
Cacilie,0,Whitehurst,Female,413-693-0117,cwhitehurst1m@webnode.com,Springfield,Massachusetts,US,01152,27,59
Beatrice,8,Labadini,Female,518-480-4724,blabadini1n@mapquest.com,Albany,New York,US,12237,35,60
Carlie,9,Nelissen,Male,415-725-2800,cnelissen1o@usda.gov,San Francisco,California,US,94116,46,61
Kenton,6,Friedlos,Male,408-822-4946,kfriedlos1p@gnu.org,San Jose,California,US,95138,24,62
Torry,8,Weldon,Male,336-790-5193,tweldon1q@exblog.jp,High Point,North Carolina,US,27264,13,63
Rolland,3,Vedeneev,Male,803-253-5078,rvedeneev1r@topsy.com,Columbia,South Carolina,US,29215,31,64
Edgar,1,Lace,Male,904-630-5515,elace1s@skype.com,Jacksonville,Florida,US,32244,46,65
Merna,9,Cunah,Female,601-716-3805,mcunah1t@ucla.edu,Meridian,Mississippi,US,39305,18,66
Katharine,9,Gunther,Female,702-601-4620,kgunther1u@arizona.edu,Las Vegas,Nevada,US,89145,23,67
Mischa,4,Milsted,Male,203-331-7775,mmilsted1v@utexas.edu,New Haven,Connecticut,US,06533,49,68
L;urette,8,Bramley,Female,202-980-9545,lbramley1w@friendfeed.com,Washington,District of Columbia,US,20430,50,69
Filbert,0,Gouthier,Male,317-952-8685,fgouthier1x@apache.org,Indianapolis,Indiana,US,46216,24,70
Erl,7,Ayree,Male,225-336-9858,eayree1y@amazon.de,Baton Rouge,Louisiana,US,70810,30,71
Elianora,3,Cuppleditch,Female,817-733-5254,ecuppleditch1z@pcworld.com,Fort Worth,Texas,US,76129,1,72
Perry,8,Aloshikin,Female,816-646-3924,paloshikin20@ihg.com,Kansas City,Missouri,US,64199,25,73
Gale,7,Cowdray,Male,609-224-8275,gcowdray21@so-net.ne.jp,Trenton,New Jersey,US,08603,42,74
Tatiania,2,Newbury,Female,850-965-0222,tnewbury22@chron.com,Pensacola,Florida,US,32590,33,75
Ruthanne,2,Geldard,Female,330-485-8006,rgeldard23@nature.com,Canton,Ohio,US,44720,11,76
Lorianne,7,Castleton,Female,571-664-5763,lcastleton24@list-manage.com,Arlington,Virginia,US,22244,37,77
Gabrila,6,Matthewman,Female,937-360-5491,gmatthewman25@livejournal.com,Dayton,Ohio,US,45490,18,78
Georges,8,Bryden,Male,209-122-1371,gbryden26@netscape.com,Stockton,California,US,95219,7,79
Parry,2,Golder,Male,248-982-2144,pgolder27@hp.com,Detroit,Michigan,US,48242,48,80
Natalya,0,Fasse,Female,318-725-5230,nfasse28@sciencedirect.com,Shreveport,Louisiana,US,71151,31,81
Wilone,1,Calderhead,Female,336-273-2247,wcalderhead29@multiply.com,Winston Salem,North Carolina,US,27105,29,82
Candra,6,Armfield,Female,706-382-0726,carmfield2a@samsung.com,Athens,Georgia,US,30610,32,83
Reuven,5,Duly,Male,330-784-2458,rduly2b@youku.com,Akron,Ohio,US,44310,1,84
Nikkie,3,Fugere,Female,281-673-8753,nfugere2c@seesaa.net,Houston,Texas,US,77035,46,85
Brod,3,Leveridge,Male,949-697-2870,bleveridge2d@oakley.com,Irvine,California,US,92619,31,86
Mic,8,Leys,Male,405-175-2999,mleys2e@a8.net,Oklahoma City,Oklahoma,US,73119,5,87
Cindi,1,Snell,Female,901-789-8637,csnell2f@mit.edu,Memphis,Tennessee,US,38136,49,88
Larina,6,Anchor,Female,857-505-1280,lanchor2g@skyrock.com,Watertown,Massachusetts,US,02472,40,89
Dniren,5,Cianelli,Female,814-461-6816,dcianelli2h@utexas.edu,Johnstown,Pennsylvania,US,15906,41,90
Bengt,9,Haly,Male,215-817-2173,bhaly2i@state.tx.us,Philadelphia,Pennsylvania,US,19141,25,91
Hetty,7,Weben,Female,954-518-0737,hweben2j@devhub.com,Fort Lauderdale,Florida,US,33330,1,92
Gayleen,6,Mattes,Female,269-999-0305,gmattes2k@patch.com,Battle Creek,Michigan,US,49018,27,93
Neall,8,Hobbema,Male,512-708-9930,nhobbema2l@eventbrite.com,Austin,Texas,US,78744,48,94
Dallis,8,Feedham,Male,217-303-8793,dfeedham2m@myspace.com,Decatur,Illinois,US,62525,11,95
Isabella,6,Clews,Female,513-743-5202,iclews2n@nymag.com,Cincinnati,Ohio,US,45203,42,96
Clarance,3,Caig,Male,520-215-5543,ccaig2o@instagram.com,Tucson,Arizona,US,85720,48,97
Harley,3,Munslow,Female,719-680-2136,hmunslow2p@ox.ac.uk,Colorado Springs,Colorado,US,80905,38,98
Thomasine,9,Di Meo,Female,804-373-3403,tdimeo2q@sohu.com,Richmond,Virginia,US,23277,27,99
Westleigh,9,Halegarth,Male,417-169-1570,whalegarth2r@fc2.com,Springfield,Missouri,US,65810,32,100
