first_nm,middle_nm,last_nm,gender_cd,home_phone_nbr,email_addr_1,city_nm,state_nm,country_cd,postal_cd,age,Profile_id, Bucket
Bowie,J,Besque,Male,719-860-2979,bbesque0@state.gov,Colorado Springs,Colorado,US,80930,46,1,0
Fonz,K,Hardesty,Male,972-364-4672,fhardesty1@tumblr.com,Plano,Texas,US,75074,19,2,0
Waverly,E,Hibling,Male,850-215-2710,whibling2@surveymonkey.com,Pensacola,Florida,US,32520,23,3,0
Laurena,E,Phelip,Female,504-906-6607,lphelip3@twitter.com,New Orleans,Louisiana,US,70183,5,4,0
Dag,Z,Shillinglaw,Male,702-392-6769,dshillinglaw4@moonfruit.com,Las Vegas,Nevada,US,89115,35,5,0
Cody,A,Secker,Male,315-160-0415,csecker5@goodreads.com,Syracuse,New York,US,13224,9,6,0
Charissa,X,Stuttard,Female,410-233-8143,cstuttard6@census.gov,Baltimore,Maryland,US,21281,13,7,0
Jackqueline,D,Roddan,Female,972-955-1359,jroddan7@yelp.com,Dallas,Texas,US,75287,24,8,0
Thaine,J,Hassen,Male,303-475-2315,thassen8@reference.com,Englewood,Colorado,US,80150,18,9,0
Maury,Z,Pietzner,Male,256-463-1150,mpietzner9@utexas.edu,Anniston,Alabama,US,36205,24,10,0
Gabbie,X,Tring,Female,678-541-2941,gtringa@tinyurl.com,Decatur,Georgia,US,30089,29,11,0
Kettie,V,Korfmann,Female,407-364-7634,kkorfmannb@toplist.cz,Kissimmee,Florida,US,34745,27,12,0
Christoffer,Q,Trippack,Male,727-594-8480,ctrippackc@soup.io,Saint Petersburg,Florida,US,33742,41,13,0
Emili,I,Insko,Female,214-666-1614,einskod@acquirethisname.com,Dallas,Texas,US,75387,15,14,0
Harris,D,Carlet,Male,775-799-5551,hcarlete@indiegogo.com,Reno,Nevada,US,89519,29,15,0
Kakalina,L,Chatelet,Female,786-624-7593,kchateletf@mac.com,Miami,Florida,US,33245,47,16,0
Diane,A,Saura,Female,786-545-8875,dsaurag@exblog.jp,Miami,Florida,US,33245,7,17,0
Robenia,C,Tompkinson,Female,202-132-4871,rtompkinsonh@chicagotribune.com,Washington,District of Columbia,US,20546,39,18,0
Marylinda,F,Garham,Female,337-581-9666,mgarhami@apple.com,Lake Charles,Louisiana,US,70616,38,19,0
Krisha,S,Eaglesham,Male,203-405-8209,keagleshamj@csmonitor.com,Stamford,Connecticut,US,6912,30,20,0
Regan,D,Ohrt,Female,903-370-6172,rohrtk@digg.com,Tyler,Texas,US,75710,38,21,0
Ogden,Q,Morrowe,Male,212-830-0535,omorrowel@narod.ru,New York City,New York,US,10131,23,22,0
Kalli,E,Paik,Female,202-725-4066,kpaikm@mapy.cz,Washington,District of Columbia,US,20057,12,23,0
Dew,N,Guiduzzi,Male,404-682-9252,dguiduzzin@hhs.gov,Atlanta,Georgia,US,31196,26,24,0
Maryann,B,Whaymand,Female,303-743-4010,mwhaymando@last.fm,Englewood,Colorado,US,80150,35,25,0
Sophronia,J,Hanaby,Female,314-749-8780,shanabyp@naver.com,Saint Louis,Missouri,US,63158,36,26,0
Ketti,L,McGookin,Female,234-413-6413,kmcgookinq@arizona.edu,Canton,Ohio,US,44720,34,27,0
David,X,Ion,Male,602-691-9721,dionr@techcrunch,Glendale,Arizona,US,85305,48,28,1
Lilith,J,Merle,Female,864-225-8046,lmerles@sphinn,Anderson,South Carolina,US,29625,2,29,1
Ahmed,G,Pagnin,Male,309-823-0646,apagnint@state,Bloomington,Illinois,US,61709,21,30,1
Olin,F,Drinkale,Male,617-888-2443,odrinkaleu@cam,Boston,Massachusetts,US,2124,5,31,1
Gardy,K,Karpf,Male,214-888-6291,gkarpfv@opensource,Dallas,Texas,US,75277,21,32,1
Engelbert,H,Prestney,Male,425-542-2114,eprestneyw@yellowbook,Everett,Washington,US,98206,36,33,1
Ethel,K,Mayor,Female,678-593-1993,emayorx@china,Alpharetta,Georgia,US,30022,50,34,1
Laina,T,Merle,Female,510-207-5185,lmerley@sciencedaily,Berkeley,California,US,94712,32,35,1
Sonnie,R,Veldens,Male,309-308-3626,sveldensz@google,Peoria,Illinois,US,61640,39,36,1
Odelinda,X,Orth,Female,781-794-7898,oorth10@is,Waltham,Massachusetts,US,2453,11,37,1
Giles,H,Niesel,Male,626-954-7933,gniesel11@comcast,Pasadena,California,US,91186,15,38,1
Guillaume,O,Hugland,Male,806-976-0058,ghugland12@dailymail,Amarillo,Texas,US,79165,31,39,1
Caitlin,C,Graser,Female,843-977-9965,cgraser13@disqus,Florence,South Carolina,US,29505,23,40,1
Jodi,N,Francescone,Male,901-497-5695,jfrancescone14@stanford,Memphis,Tennessee,US,38143,46,41,1
Pamella,Y,Reicharz,Female,314-787-5874,preicharz15@constantcontact,Saint Louis,Missouri,US,63143,1,42,1
Klarrisa,U,Rosenzwig,Female,614-269-6829,krosenzwig16@wikipedia,Columbus,Ohio,US,43204,21,43,1
Amalita,B,Catherick,Female,336-409-2423,acatherick17@howstuffworks,High Point,North Carolina,US,27264,15,44,1
Domenico,H,McCarlie,Male,412-812-7568,dmccarlie19@parallels,Pittsburgh,Pennsylvania,US,15225,2,46,1
Ardyth,C,Iffland,Female,314-316-1243,aiffland1a@desdev.cn,Saint Louis,Missouri,US,63158,31,47,0
Cord,R,Slater,Male,805-725-7214,cslater1b@eventbrite.com,Santa Barbara,California,US,93150,12,48,0
Leora,Q,Haywood,Female,916-728-5319,lhaywood1c@archive.org,Sacramento,California,US,94286,25,49,0
Waring,B,Cassell,Male,804-811-6706,wcassell1d@ucoz.com,Richmond,Virginia,US,23228,44,50,0
Lucais,J,Holtom,Male,206-512-0065,lholtom1e@usda.gov,Seattle,Washington,US,98175,16,51,0
Curr,D,McGinly,Male,650-457-7866,cmcginly1f@dot.gov,Mountain View,California,US,94042,49,52,0
Daryl,D,Dewdney,Male,916-845-7217,ddewdney1g@ed.gov,Sacramento,California,US,95852,12,53,0
Concordia,K,Dautry,Female,917-595-8615,cdautry1h@salon.com,Bronx,New York,US,10464,13,54,0
Gerda,K,Thomasson,Female,361-970-2674,gthomasson1i@123-reg.co.uk,Corpus Christi,Texas,US,78426,3,55,0
Jerad,Z,Santoro,Male,480-509-4886,jsantoro1j@theglobeandmail.com,Phoenix,Arizona,US,85045,26,56,0
Kippy,D,Warrener,Female,804-281-4684,kwarrener1k@dropbox.com,Richmond,Virginia,US,23293,4,57,0
Caye,I,Whiskin,Female,254-611-6525,cwhiskin1l@seattletimes.com,Gatesville,Texas,US,76598,9,58,0
Lester,J,Ruff,Male,540-505-5204,lruff1m@jiathis.com,Roanoke,Virginia,US,24020,4,59,0
Edna,I,Longworthy,Female,304-514-0482,elongworthy1n@about.me,Huntington,West Virginia,US,25716,31,60,0
Kassandra,S,Scholler,Female,419-956-5826,kscholler1o@infoseek.co.jp,Toledo,Ohio,US,43699,14,61,0
Di,B,Keneford,Female,803-198-5612,dkeneford1p@forbes.com,Columbia,South Carolina,US,29240,7,62,0
Clemens,R,Shenton,Male,309-883-7635,cshenton1q@msn.com,Carol Stream,Illinois,US,60158,23,63,0
Jo ann,R,Habershon,Female,573-127-4438,jhabershon1r@si.edu,Jefferson City,Missouri,US,65105,48,64,0
Prent,C,Tordiffe,Male,404-630-8103,ptordiffe1s@mapquest.com,Atlanta,Georgia,US,31196,23,65,0
Emmett,Y,Kitley,Male,516-331-4829,ekitley1t@edublogs.org,Great Neck,New York,US,11024,38,66,0
Lowell,O,Janu,Male,412-974-9480,ljanu1u@house.gov,Pittsburgh,Pennsylvania,US,15230,44,67,0
Pepi,M,Blanch,Female,443-521-4668,pblanch1v@oakley.com,Baltimore,Maryland,US,21239,2,68,0
Maureen,G,Cushe,Female,614-448-3656,mcushe1w@last.fm,Columbus,Ohio,US,43268,22,69,0
Robinet,Z,Domke,Female,479-999-7959,rdomke1x@apple.com,Fort Smith,Arkansas,US,72916,31,70,0
Dionis,W,Margram,Female,916-702-9920,dmargram1y@mozilla.com,Sacramento,California,US,94250,26,71,0
Coop,F,Danson,Male,954-315-1894,cdanson1z@yale.edu,Fort Lauderdale,Florida,US,33325,32,72,0
Delores,X,Daggett,Female,704-980-1284,ddaggett20@fastcompany.com,Charlotte,North Carolina,US,28289,4,73,0
Alfredo,W,McAline,Male,858-905-2297,amcaline21@yahoo.com,San Diego,California,US,92105,45,74,0
Ric,K,Mugleston,Male,828-873-1149,rmugleston22@addtoany.com,Asheville,North Carolina,US,28805,16,75,0
Forbes,T,McGeever,Male,412-477-6211,fmcgeever23@dmoz.org,Pittsburgh,Pennsylvania,US,15205,23,76,0
Cristen,K,Ellacott,Female,704-681-2789,cellacott24@economist.com,Charlotte,North Carolina,US,28289,26,77,0
Tracy,P,Arnason,Male,408-619-7585,tarnason25@ftc.gov,San Jose,California,US,95113,13,78,0
Hy,B,Matley,Male,704-963-9330,hmatley26@auda.org.au,Charlotte,North Carolina,US,28289,1,79,0
Vic,S,Kaygill,Male,626-698-1187,vkaygill27@github.io,Burbank,California,US,91505,1,80,0
Rowney,V,Dennistoun,Male,213-587-9433,rdennistoun28@vinaora.com,Van Nuys,California,US,91499,13,81,0
Stesha,G,Jancey,Female,215-956-3498,sjancey29@wordpress.com,Philadelphia,Pennsylvania,US,19115,43,82,0
Cybill,X,Caustic,Female,202-214-1975,ccaustic2a@symantec.com,Washington,District of Columbia,US,20319,12,83,0
Derek,I,Bending,Male,316-877-1381,dbending2b@shop-pro.jp,Wichita,Kansas,US,67210,11,84,0
Bernardo,J,Reder,Male,727-207-6828,breder2c@imageshack.us,Saint Petersburg,Florida,US,33710,25,85,0
Gordie,E,Plante,Male,314-470-2343,gplante2d@loc.gov,Saint Louis,Missouri,US,63126,43,86,0
Emelina,J,Fludder,Female,319-346-9718,efludder2e@typepad.com,Cedar Rapids,Iowa,US,52405,7,87,0
Theo,Q,Piolli,Female,518-230-3945,tpiolli2f@google.co.jp,Albany,New York,US,12232,4,88,0
Ricky,Q,Kilgallen,Male,330-613-6097,rkilgallen2g@4shared.com,Akron,Ohio,US,44329,50,89,0
Torrance,L,Bowld,Male,702-730-1014,tbowld2h@bluehost.com,Las Vegas,Nevada,US,89166,43,90,0
Jessika,W,Grand,Female,940-942-0380,jgrand2i@tinypic.com,Wichita Falls,Texas,US,76310,16,91,0
Ally,P,Trussman,Female,915-782-9015,atrussman2j@blog.com,El Paso,Texas,US,88525,24,92,0
Mendie,W,Bruun,Male,630-744-8458,mbruun2k@usgs.gov,Naperville,Illinois,US,60567,6,93,0
Archibald,N,Leipold,Male,571-712-5625,aleipold2l@illinois.edu,Reston,Virginia,US,22096,29,94,0
Cobbie,T,Belt,Male,360-203-7359,cbelt2m@netscape.com,Vancouver,Washington,US,98664,45,95,0
Mort,G,Badam,Male,404-222-8243,mbadam2n@nationalgeographic.com,Atlanta,Georgia,US,30323,30,96,0
Wit,O,Keely,Male,907-587-1189,wkeely2o@arstechnica.com,Anchorage,Alaska,US,99512,1,97,0
Sena,A,Iskowicz,Female,213-587-6301,siskowicz2p@usda.gov,Los Angeles,California,US,90030,36,98,0
Dave,W,Powland,Male,862-431-4319,dpowland2q@virginia.edu,Paterson,New Jersey,US,7505,14,99,0
Kyrstin,R,Wellman,Female,502-884-0109,kwellman2r@cdbaby.com,Louisville,Kentucky,US,40298,28,100,0
